,arrival,date,departure,line,route
e0a61534-7e20-11e9-81e1-7831c1d08f6a,06:43:00,2018-01-01,06:00:00,metro50,"['Gein', 'Reigersbos', 'Station Holendrecht', 'Bullewijk', 'Station Bijlmer ArenA', 'Strandvliet', 'Station Duivendrecht', 'Van der Madeweg', 'Overamstel', 'Station RAI', 'Station Zuid', 'Amstelveenseweg', 'Henk Sneevlietweg', 'Heemstedestraat', 'Station Lelylaan', 'Postjesweg', 'Jan v.Galenstraat', 'Burg.de Vlugtlaan', 'Station Sloterdijk', 'Isolatorweg']"
e0a633f4-7e20-11e9-a7d9-7831c1d08f6a,06:38:30,2018-01-01,06:00:00,metro51,"['Centraal Station', 'Nieuwmarkt', 'Waterlooplein', 'Weesperplein', 'Wibautstraat', 'Amstelstation', 'Spaklerweg', 'Overamstel', 'Station RAI', 'Station Zuid', 'Amstelveenseweg', 'Henk Sneevlietweg', 'Heemstedestraat', 'Station Lelylaan', 'Postjesweg', 'Jan v.Galenstraat', 'Burg.de Vlugtlaan', 'Station Sloterdijk', 'Isolatorweg']"
e0a67bbe-7e20-11e9-be10-7831c1d08f6a,06:18:00,2018-01-01,06:00:00,metro52,"['Noord', 'Noorderpark', 'Centraal Station', 'Rokin', 'Vijzelgracht', 'De Pijp', 'Europaplein', 'Station Zuid']"
e15e75b6-7e20-11e9-93a9-7831c1d08f6a,06:44:00,2018-01-01,06:01:00,metro50,"['Isolatorweg', 'Station Sloterdijk', 'Burg.de Vlugtlaan', 'Jan v.Galenstraat', 'Postjesweg', 'Station Lelylaan', 'Heemstedestraat', 'Henk Sneevlietweg', 'Amstelveenseweg', 'Station Zuid', 'Station RAI', 'Overamstel', 'Van der Madeweg', 'Station Duivendrecht', 'Strandvliet', 'Station Bijlmer ArenA', 'Bullewijk', 'Station Holendrecht', 'Reigersbos', 'Gein']"
e31eb56e-7e20-11e9-b704-7831c1d08f6a,06:30:00,2018-01-01,06:03:00,metro53,"['Gaasperplas', 'Kraaienneststation', 'Station Ganzenhoef', 'Verrijn Stuartweg', 'Station Diemen-Zuid', 'Venserpolder', 'Van der Madeweg', 'Spaklerweg', 'Amstelstation', 'Wibautstraat', 'Weesperplein', 'Waterlooplein', 'Nieuwmarkt', 'Centraal Station']"
e31ec7fa-7e20-11e9-bc6d-7831c1d08f6a,06:30:00,2018-01-01,06:03:00,metro53,"['Centraal Station', 'Nieuwmarkt', 'Waterlooplein', 'Weesperplein', 'Wibautstraat', 'Amstelstation', 'Spaklerweg', 'Van der Madeweg', 'Venserpolder', 'Station Diemen-Zuid', 'Verrijn Stuartweg', 'Station Ganzenhoef', 'Kraaienneststation', 'Gaasperplas']"
e31ee1f6-7e20-11e9-8057-7831c1d08f6a,06:40:00,2018-01-01,06:03:00,tram12,"['Amstelstation', 'Amsteldijk', 'Victorieplein', 'Waalstraat', 'Maasstraat', 'Scheldestraat', 'Cornelis Troostplein', 'De Pijp', 'Roelof Hartplein', 'Museumplein', 'Van Baerlestraat', 'Rijksmuseum', 'Leidseplein', 'Prinsengracht', 'Keizersgracht', 'Koningsplein', 'Spui', 'Dam', 'Nieuwezijds Kolk', 'Centraal Station']"
e4450ce8-7e20-11e9-a1cf-7831c1d08f6a,06:42:00,2018-01-01,06:04:00,tram24,"['De Boelelaan/VU', 'VU medisch centrum', 'Amstelveenseweg', 'IJsbaanpad', 'Olympisch stadion', 'Olympiaweg', 'Olympiaplein', 'Minervaplein', 'Beethovenstraat', 'Gerrit v.d. Veenstraat', 'Roelof Hartplein', 'De Pijp', 'Marie Heinekenplein', 'Vijzelgracht', 'Muntplein', 'Rokin', 'Dam', 'Centraal Station']"
e53330be-7e20-11e9-92f0-7831c1d08f6a,06:23:00,2018-01-01,06:05:00,metro52,"['Station Zuid', 'Europaplein', 'De Pijp', 'Vijzelgracht', 'Rokin', 'Centraal Station', 'Noorderpark', 'Noord']"
e53345fe-7e20-11e9-9416-7831c1d08f6a,06:42:00,2018-01-01,06:05:00,tram12,"['Centraal Station', 'Nieuwezijds Kolk', 'Dam', 'Spui', 'Koningsplein', 'Keizersgracht', 'Prinsengracht', 'Leidseplein', 'Rijksmuseum', 'Van Baerlestraat', 'Museumplein', 'Roelof Hartplein', 'De Pijp', 'Cornelis Troostplein', 'Scheldestraat', 'Maasstraat', 'Waalstraat', 'Victorieplein', 'Amsteldijk', 'Amstelstation']"
e5335e5e-7e20-11e9-bff9-7831c1d08f6a,06:43:00,2018-01-01,06:05:00,tram24,"['Centraal Station', 'Dam', 'Rokin', 'Muntplein', 'Vijzelgracht', 'Marie Heinekenplein', 'De Pijp', 'Roelof Hartplein', 'Gerrit v.d. Veenstraat', 'Beethovenstraat', 'Minervaplein', 'Olympiaplein', 'Olympiaweg', 'Olympisch stadion', 'IJsbaanpad', 'Amstelveenseweg', 'VU medisch centrum', 'De Boelelaan/VU']"
e6005ed8-7e20-11e9-bfea-7831c1d08f6a,06:44:30,2018-01-01,06:06:00,metro51,"['Isolatorweg', 'Station Sloterdijk', 'Burg.de Vlugtlaan', 'Jan v.Galenstraat', 'Postjesweg', 'Station Lelylaan', 'Heemstedestraat', 'Henk Sneevlietweg', 'Amstelveenseweg', 'Station Zuid', 'Station RAI', 'Overamstel', 'Spaklerweg', 'Amstelstation', 'Wibautstraat', 'Weesperplein', 'Waterlooplein', 'Nieuwmarkt', 'Centraal Station']"
e6006e58-7e20-11e9-a2e9-7831c1d08f6a,06:24:00,2018-01-01,06:06:00,metro52,"['Noord', 'Noorderpark', 'Centraal Station', 'Rokin', 'Vijzelgracht', 'De Pijp', 'Europaplein', 'Station Zuid']"
e724d4f4-7e20-11e9-a221-7831c1d08f6a,06:36:30,2018-01-01,06:07:00,metro54,"['Gein', 'Reigersbos', 'Station Holendrecht', 'Bullewijk', 'Station Bijlmer ArenA', 'Strandvliet', 'Station Duivendrecht', 'Van der Madeweg', 'Spaklerweg', 'Amstelstation', 'Wibautstraat', 'Weesperplein', 'Waterlooplein', 'Nieuwmarkt', 'Centraal Station']"
e724f038-7e20-11e9-997e-7831c1d08f6a,06:36:30,2018-01-01,06:07:00,metro54,"['Centraal Station', 'Nieuwmarkt', 'Waterlooplein', 'Weesperplein', 'Wibautstraat', 'Amstelstation', 'Spaklerweg', 'Van der Madeweg', 'Station Duivendrecht', 'Strandvliet', 'Station Bijlmer ArenA', 'Bullewijk', 'Station Holendrecht', 'Reigersbos', 'Gein']"
e9553052-7e20-11e9-961c-7831c1d08f6a,06:46:00,2018-01-01,06:09:00,tram12,"['Amstelstation', 'Amsteldijk', 'Victorieplein', 'Waalstraat', 'Maasstraat', 'Scheldestraat', 'Cornelis Troostplein', 'De Pijp', 'Roelof Hartplein', 'Museumplein', 'Van Baerlestraat', 'Rijksmuseum', 'Leidseplein', 'Prinsengracht', 'Keizersgracht', 'Koningsplein', 'Spui', 'Dam', 'Nieuwezijds Kolk', 'Centraal Station']"
ea2fa110-7e20-11e9-9070-7831c1d08f6a,06:53:00,2018-01-01,06:10:00,metro50,"['Gein', 'Reigersbos', 'Station Holendrecht', 'Bullewijk', 'Station Bijlmer ArenA', 'Strandvliet', 'Station Duivendrecht', 'Van der Madeweg', 'Overamstel', 'Station RAI', 'Station Zuid', 'Amstelveenseweg', 'Henk Sneevlietweg', 'Heemstedestraat', 'Station Lelylaan', 'Postjesweg', 'Jan v.Galenstraat', 'Burg.de Vlugtlaan', 'Station Sloterdijk', 'Isolatorweg']"
ea2faf18-7e20-11e9-8ed9-7831c1d08f6a,06:48:30,2018-01-01,06:10:00,metro51,"['Centraal Station', 'Nieuwmarkt', 'Waterlooplein', 'Weesperplein', 'Wibautstraat', 'Amstelstation', 'Spaklerweg', 'Overamstel', 'Station RAI', 'Station Zuid', 'Amstelveenseweg', 'Henk Sneevlietweg', 'Heemstedestraat', 'Station Lelylaan', 'Postjesweg', 'Jan v.Galenstraat', 'Burg.de Vlugtlaan', 'Station Sloterdijk', 'Isolatorweg']"
eaf0d928-7e20-11e9-a636-7831c1d08f6a,06:54:00,2018-01-01,06:11:00,metro50,"['Isolatorweg', 'Station Sloterdijk', 'Burg.de Vlugtlaan', 'Jan v.Galenstraat', 'Postjesweg', 'Station Lelylaan', 'Heemstedestraat', 'Henk Sneevlietweg', 'Amstelveenseweg', 'Station Zuid', 'Station RAI', 'Overamstel', 'Van der Madeweg', 'Station Duivendrecht', 'Strandvliet', 'Station Bijlmer ArenA', 'Bullewijk', 'Station Holendrecht', 'Reigersbos', 'Gein']"
eaf0e87a-7e20-11e9-a2ed-7831c1d08f6a,06:29:00,2018-01-01,06:11:00,metro52,"['Station Zuid', 'Europaplein', 'De Pijp', 'Vijzelgracht', 'Rokin', 'Centraal Station', 'Noorderpark', 'Noord']"
eaf0fb6c-7e20-11e9-9669-7831c1d08f6a,06:48:00,2018-01-01,06:11:00,tram12,"['Centraal Station', 'Nieuwezijds Kolk', 'Dam', 'Spui', 'Koningsplein', 'Keizersgracht', 'Prinsengracht', 'Leidseplein', 'Rijksmuseum', 'Van Baerlestraat', 'Museumplein', 'Roelof Hartplein', 'De Pijp', 'Cornelis Troostplein', 'Scheldestraat', 'Maasstraat', 'Waalstraat', 'Victorieplein', 'Amsteldijk', 'Amstelstation']"
ebb87018-7e20-11e9-94d9-7831c1d08f6a,06:30:00,2018-01-01,06:12:00,metro52,"['Noord', 'Noorderpark', 'Centraal Station', 'Rokin', 'Vijzelgracht', 'De Pijp', 'Europaplein', 'Station Zuid']"
ec7ec2d4-7e20-11e9-864d-7831c1d08f6a,06:40:00,2018-01-01,06:13:00,metro53,"['Gaasperplas', 'Kraaienneststation', 'Station Ganzenhoef', 'Verrijn Stuartweg', 'Station Diemen-Zuid', 'Venserpolder', 'Van der Madeweg', 'Spaklerweg', 'Amstelstation', 'Wibautstraat', 'Weesperplein', 'Waterlooplein', 'Nieuwmarkt', 'Centraal Station']"
ec7ed364-7e20-11e9-baa2-7831c1d08f6a,06:40:00,2018-01-01,06:13:00,metro53,"['Centraal Station', 'Nieuwmarkt', 'Waterlooplein', 'Weesperplein', 'Wibautstraat', 'Amstelstation', 'Spaklerweg', 'Van der Madeweg', 'Venserpolder', 'Station Diemen-Zuid', 'Verrijn Stuartweg', 'Station Ganzenhoef', 'Kraaienneststation', 'Gaasperplas']"
ed3de326-7e20-11e9-9175-7831c1d08f6a,06:52:00,2018-01-01,06:14:00,tram24,"['De Boelelaan/VU', 'VU medisch centrum', 'Amstelveenseweg', 'IJsbaanpad', 'Olympisch stadion', 'Olympiaweg', 'Olympiaplein', 'Minervaplein', 'Beethovenstraat', 'Gerrit v.d. Veenstraat', 'Roelof Hartplein', 'De Pijp', 'Marie Heinekenplein', 'Vijzelgracht', 'Muntplein', 'Rokin', 'Dam', 'Centraal Station']"
edf75388-7e20-11e9-8f84-7831c1d08f6a,06:53:00,2018-01-01,06:15:00,tram24,"['Centraal Station', 'Dam', 'Rokin', 'Muntplein', 'Vijzelgracht', 'Marie Heinekenplein', 'De Pijp', 'Roelof Hartplein', 'Gerrit v.d. Veenstraat', 'Beethovenstraat', 'Minervaplein', 'Olympiaplein', 'Olympiaweg', 'Olympisch stadion', 'IJsbaanpad', 'Amstelveenseweg', 'VU medisch centrum', 'De Boelelaan/VU']"
edf771a6-7e20-11e9-b9bf-7831c1d08f6a,06:52:00,2018-01-01,06:15:00,tram12,"['Amstelstation', 'Amsteldijk', 'Victorieplein', 'Waalstraat', 'Maasstraat', 'Scheldestraat', 'Cornelis Troostplein', 'De Pijp', 'Roelof Hartplein', 'Museumplein', 'Van Baerlestraat', 'Rijksmuseum', 'Leidseplein', 'Prinsengracht', 'Keizersgracht', 'Koningsplein', 'Spui', 'Dam', 'Nieuwezijds Kolk', 'Centraal Station']"
eebcb9b6-7e20-11e9-bd2d-7831c1d08f6a,06:54:30,2018-01-01,06:16:00,metro51,"['Isolatorweg', 'Station Sloterdijk', 'Burg.de Vlugtlaan', 'Jan v.Galenstraat', 'Postjesweg', 'Station Lelylaan', 'Heemstedestraat', 'Henk Sneevlietweg', 'Amstelveenseweg', 'Station Zuid', 'Station RAI', 'Overamstel', 'Spaklerweg', 'Amstelstation', 'Wibautstraat', 'Weesperplein', 'Waterlooplein', 'Nieuwmarkt', 'Centraal Station']"
ef77fbe2-7e20-11e9-a2ce-7831c1d08f6a,06:46:30,2018-01-01,06:17:00,metro54,"['Gein', 'Reigersbos', 'Station Holendrecht', 'Bullewijk', 'Station Bijlmer ArenA', 'Strandvliet', 'Station Duivendrecht', 'Van der Madeweg', 'Spaklerweg', 'Amstelstation', 'Wibautstraat', 'Weesperplein', 'Waterlooplein', 'Nieuwmarkt', 'Centraal Station']"
ef7817ba-7e20-11e9-adc6-7831c1d08f6a,06:46:30,2018-01-01,06:17:00,metro54,"['Centraal Station', 'Nieuwmarkt', 'Waterlooplein', 'Weesperplein', 'Wibautstraat', 'Amstelstation', 'Spaklerweg', 'Van der Madeweg', 'Station Duivendrecht', 'Strandvliet', 'Station Bijlmer ArenA', 'Bullewijk', 'Station Holendrecht', 'Reigersbos', 'Gein']"
ef785f74-7e20-11e9-a9d8-7831c1d08f6a,06:35:00,2018-01-01,06:17:00,metro52,"['Station Zuid', 'Europaplein', 'De Pijp', 'Vijzelgracht', 'Rokin', 'Centraal Station', 'Noorderpark', 'Noord']"
ef7870f4-7e20-11e9-b568-7831c1d08f6a,06:54:00,2018-01-01,06:17:00,tram12,"['Centraal Station', 'Nieuwezijds Kolk', 'Dam', 'Spui', 'Koningsplein', 'Keizersgracht', 'Prinsengracht', 'Leidseplein', 'Rijksmuseum', 'Van Baerlestraat', 'Museumplein', 'Roelof Hartplein', 'De Pijp', 'Cornelis Troostplein', 'Scheldestraat', 'Maasstraat', 'Waalstraat', 'Victorieplein', 'Amsteldijk', 'Amstelstation']"
f0407958-7e20-11e9-9768-7831c1d08f6a,06:36:00,2018-01-01,06:18:00,metro52,"['Noord', 'Noorderpark', 'Centraal Station', 'Rokin', 'Vijzelgracht', 'De Pijp', 'Europaplein', 'Station Zuid']"
f1a45cba-7e20-11e9-9b50-7831c1d08f6a,06:58:30,2018-01-01,06:20:00,metro50,"['Gein', 'Reigersbos', 'Station Holendrecht', 'Bullewijk', 'Station Bijlmer ArenA', 'Strandvliet', 'Station Duivendrecht', 'Van der Madeweg', 'Overamstel', 'Station RAI', 'Station Zuid', 'Amstelveenseweg', 'Henk Sneevlietweg', 'Heemstedestraat', 'Station Lelylaan', 'Postjesweg', 'Jan v.Galenstraat', 'Burg.de Vlugtlaan', 'Station Sloterdijk', 'Isolatorweg']"
f1a46bb0-7e20-11e9-8d5c-7831c1d08f6a,06:58:30,2018-01-01,06:20:00,metro51,"['Centraal Station', 'Nieuwmarkt', 'Waterlooplein', 'Weesperplein', 'Wibautstraat', 'Amstelstation', 'Spaklerweg', 'Overamstel', 'Station RAI', 'Station Zuid', 'Amstelveenseweg', 'Henk Sneevlietweg', 'Heemstedestraat', 'Station Lelylaan', 'Postjesweg', 'Jan v.Galenstraat', 'Burg.de Vlugtlaan', 'Station Sloterdijk', 'Isolatorweg']"
f26c2524-7e20-11e9-9c36-7831c1d08f6a,06:58:00,2018-01-01,06:21:00,metro50,"['Isolatorweg', 'Station Sloterdijk', 'Burg.de Vlugtlaan', 'Jan v.Galenstraat', 'Postjesweg', 'Station Lelylaan', 'Heemstedestraat', 'Henk Sneevlietweg', 'Amstelveenseweg', 'Station Zuid', 'Station RAI', 'Overamstel', 'Van der Madeweg', 'Station Duivendrecht', 'Strandvliet', 'Station Bijlmer ArenA', 'Bullewijk', 'Station Holendrecht', 'Reigersbos', 'Gein']"
f26c32ba-7e20-11e9-824f-7831c1d08f6a,06:58:00,2018-01-01,06:21:00,tram12,"['Amstelstation', 'Amsteldijk', 'Victorieplein', 'Waalstraat', 'Maasstraat', 'Scheldestraat', 'Cornelis Troostplein', 'De Pijp', 'Roelof Hartplein', 'Museumplein', 'Van Baerlestraat', 'Rijksmuseum', 'Leidseplein', 'Prinsengracht', 'Keizersgracht', 'Koningsplein', 'Spui', 'Dam', 'Nieuwezijds Kolk', 'Centraal Station']"
f401e630-7e20-11e9-9d9b-7831c1d08f6a,06:50:00,2018-01-01,06:23:00,metro53,"['Gaasperplas', 'Kraaienneststation', 'Station Ganzenhoef', 'Verrijn Stuartweg', 'Station Diemen-Zuid', 'Venserpolder', 'Van der Madeweg', 'Spaklerweg', 'Amstelstation', 'Wibautstraat', 'Weesperplein', 'Waterlooplein', 'Nieuwmarkt', 'Centraal Station']"
f401f7ec-7e20-11e9-8466-7831c1d08f6a,06:50:00,2018-01-01,06:23:00,metro53,"['Centraal Station', 'Nieuwmarkt', 'Waterlooplein', 'Weesperplein', 'Wibautstraat', 'Amstelstation', 'Spaklerweg', 'Van der Madeweg', 'Venserpolder', 'Station Diemen-Zuid', 'Verrijn Stuartweg', 'Station Ganzenhoef', 'Kraaienneststation', 'Gaasperplas']"
f40208ae-7e20-11e9-a2f7-7831c1d08f6a,06:41:00,2018-01-01,06:23:00,metro52,"['Station Zuid', 'Europaplein', 'De Pijp', 'Vijzelgracht', 'Rokin', 'Centraal Station', 'Noorderpark', 'Noord']"
f4021d3a-7e20-11e9-9b94-7831c1d08f6a,06:58:00,2018-01-01,06:23:00,tram12,"['Centraal Station', 'Nieuwezijds Kolk', 'Dam', 'Spui', 'Koningsplein', 'Keizersgracht', 'Prinsengracht', 'Leidseplein', 'Rijksmuseum', 'Van Baerlestraat', 'Museumplein', 'Roelof Hartplein', 'De Pijp', 'Cornelis Troostplein', 'Scheldestraat', 'Maasstraat', 'Waalstraat', 'Victorieplein', 'Amsteldijk', 'Amstelstation']"
f4a5073e-7e20-11e9-a2bc-7831c1d08f6a,06:59:00,2018-01-01,06:24:00,tram24,"['De Boelelaan/VU', 'VU medisch centrum', 'Amstelveenseweg', 'IJsbaanpad', 'Olympisch stadion', 'Olympiaweg', 'Olympiaplein', 'Minervaplein', 'Beethovenstraat', 'Gerrit v.d. Veenstraat', 'Roelof Hartplein', 'De Pijp', 'Marie Heinekenplein', 'Vijzelgracht', 'Muntplein', 'Rokin', 'Dam', 'Centraal Station']"
f4a51530-7e20-11e9-8c3d-7831c1d08f6a,06:42:00,2018-01-01,06:24:00,metro52,"['Noord', 'Noorderpark', 'Centraal Station', 'Rokin', 'Vijzelgracht', 'De Pijp', 'Europaplein', 'Station Zuid']"
f574e6e8-7e20-11e9-b5c7-7831c1d08f6a,06:58:30,2018-01-01,06:25:00,tram24,"['Centraal Station', 'Dam', 'Rokin', 'Muntplein', 'Vijzelgracht', 'Marie Heinekenplein', 'De Pijp', 'Roelof Hartplein', 'Gerrit v.d. Veenstraat', 'Beethovenstraat', 'Minervaplein', 'Olympiaplein', 'Olympiaweg', 'Olympisch stadion', 'IJsbaanpad', 'Amstelveenseweg', 'VU medisch centrum', 'De Boelelaan/VU']"
f62847d8-7e20-11e9-a320-7831c1d08f6a,06:59:30,2018-01-01,06:26:00,metro51,"['Isolatorweg', 'Station Sloterdijk', 'Burg.de Vlugtlaan', 'Jan v.Galenstraat', 'Postjesweg', 'Station Lelylaan', 'Heemstedestraat', 'Henk Sneevlietweg', 'Amstelveenseweg', 'Station Zuid', 'Station RAI', 'Overamstel', 'Spaklerweg', 'Amstelstation', 'Wibautstraat', 'Weesperplein', 'Waterlooplein', 'Nieuwmarkt', 'Centraal Station']"
f6f4b1cc-7e20-11e9-87a3-7831c1d08f6a,06:56:30,2018-01-01,06:27:00,metro54,"['Gein', 'Reigersbos', 'Station Holendrecht', 'Bullewijk', 'Station Bijlmer ArenA', 'Strandvliet', 'Station Duivendrecht', 'Van der Madeweg', 'Spaklerweg', 'Amstelstation', 'Wibautstraat', 'Weesperplein', 'Waterlooplein', 'Nieuwmarkt', 'Centraal Station']"
f6f4d028-7e20-11e9-b648-7831c1d08f6a,06:56:30,2018-01-01,06:27:00,metro54,"['Centraal Station', 'Nieuwmarkt', 'Waterlooplein', 'Weesperplein', 'Wibautstraat', 'Amstelstation', 'Spaklerweg', 'Van der Madeweg', 'Station Duivendrecht', 'Strandvliet', 'Station Bijlmer ArenA', 'Bullewijk', 'Station Holendrecht', 'Reigersbos', 'Gein']"
f6f4fdbe-7e20-11e9-9df2-7831c1d08f6a,06:59:30,2018-01-01,06:27:00,tram12,"['Amstelstation', 'Amsteldijk', 'Victorieplein', 'Waalstraat', 'Maasstraat', 'Scheldestraat', 'Cornelis Troostplein', 'De Pijp', 'Roelof Hartplein', 'Museumplein', 'Van Baerlestraat', 'Rijksmuseum', 'Leidseplein', 'Prinsengracht', 'Keizersgracht', 'Koningsplein', 'Spui', 'Dam', 'Nieuwezijds Kolk', 'Centraal Station']"
f879f900-7e20-11e9-acc2-7831c1d08f6a,06:47:00,2018-01-01,06:29:00,metro52,"['Station Zuid', 'Europaplein', 'De Pijp', 'Vijzelgracht', 'Rokin', 'Centraal Station', 'Noorderpark', 'Noord']"
f87a27ae-7e20-11e9-b68f-7831c1d08f6a,06:59:30,2018-01-01,06:29:00,tram12,"['Centraal Station', 'Nieuwezijds Kolk', 'Dam', 'Spui', 'Koningsplein', 'Keizersgracht', 'Prinsengracht', 'Leidseplein', 'Rijksmuseum', 'Van Baerlestraat', 'Museumplein', 'Roelof Hartplein', 'De Pijp', 'Cornelis Troostplein', 'Scheldestraat', 'Maasstraat', 'Waalstraat', 'Victorieplein', 'Amsteldijk', 'Amstelstation']"
f92c4358-7e20-11e9-a2e6-7831c1d08f6a,06:59:00,2018-01-01,06:30:00,metro50,"['Gein', 'Reigersbos', 'Station Holendrecht', 'Bullewijk', 'Station Bijlmer ArenA', 'Strandvliet', 'Station Duivendrecht', 'Van der Madeweg', 'Overamstel', 'Station RAI', 'Station Zuid', 'Amstelveenseweg', 'Henk Sneevlietweg', 'Heemstedestraat', 'Station Lelylaan', 'Postjesweg', 'Jan v.Galenstraat', 'Burg.de Vlugtlaan', 'Station Sloterdijk', 'Isolatorweg']"
f92c52d0-7e20-11e9-8f57-7831c1d08f6a,06:59:30,2018-01-01,06:30:00,metro51,"['Centraal Station', 'Nieuwmarkt', 'Waterlooplein', 'Weesperplein', 'Wibautstraat', 'Amstelstation', 'Spaklerweg', 'Overamstel', 'Station RAI', 'Station Zuid', 'Amstelveenseweg', 'Henk Sneevlietweg', 'Heemstedestraat', 'Station Lelylaan', 'Postjesweg', 'Jan v.Galenstraat', 'Burg.de Vlugtlaan', 'Station Sloterdijk', 'Isolatorweg']"
f92c62e8-7e20-11e9-bfa5-7831c1d08f6a,06:48:00,2018-01-01,06:30:00,metro52,"['Noord', 'Noorderpark', 'Centraal Station', 'Rokin', 'Vijzelgracht', 'De Pijp', 'Europaplein', 'Station Zuid']"
f9e17aca-7e20-11e9-a66b-7831c1d08f6a,06:59:00,2018-01-01,06:31:00,metro50,"['Isolatorweg', 'Station Sloterdijk', 'Burg.de Vlugtlaan', 'Jan v.Galenstraat', 'Postjesweg', 'Station Lelylaan', 'Heemstedestraat', 'Henk Sneevlietweg', 'Amstelveenseweg', 'Station Zuid', 'Station RAI', 'Overamstel', 'Van der Madeweg', 'Station Duivendrecht', 'Strandvliet', 'Station Bijlmer ArenA', 'Bullewijk', 'Station Holendrecht', 'Reigersbos', 'Gein']"
fb5fabcc-7e20-11e9-b463-7831c1d08f6a,06:58:00,2018-01-01,06:33:00,metro53,"['Gaasperplas', 'Kraaienneststation', 'Station Ganzenhoef', 'Verrijn Stuartweg', 'Station Diemen-Zuid', 'Venserpolder', 'Van der Madeweg', 'Spaklerweg', 'Amstelstation', 'Wibautstraat', 'Weesperplein', 'Waterlooplein', 'Nieuwmarkt', 'Centraal Station']"
fb5fbbe6-7e20-11e9-a434-7831c1d08f6a,06:59:00,2018-01-01,06:33:00,metro53,"['Centraal Station', 'Nieuwmarkt', 'Waterlooplein', 'Weesperplein', 'Wibautstraat', 'Amstelstation', 'Spaklerweg', 'Van der Madeweg', 'Venserpolder', 'Station Diemen-Zuid', 'Verrijn Stuartweg', 'Station Ganzenhoef', 'Kraaienneststation', 'Gaasperplas']"
fb5fcbb8-7e20-11e9-aaaf-7831c1d08f6a,06:59:30,2018-01-01,06:33:00,tram12,"['Amstelstation', 'Amsteldijk', 'Victorieplein', 'Waalstraat', 'Maasstraat', 'Scheldestraat', 'Cornelis Troostplein', 'De Pijp', 'Roelof Hartplein', 'Museumplein', 'Van Baerlestraat', 'Rijksmuseum', 'Leidseplein', 'Prinsengracht', 'Keizersgracht', 'Koningsplein', 'Spui', 'Dam', 'Nieuwezijds Kolk', 'Centraal Station']"
fc0ea4ba-7e20-11e9-be54-7831c1d08f6a,06:59:30,2018-01-01,06:34:00,tram24,"['De Boelelaan/VU', 'VU medisch centrum', 'Amstelveenseweg', 'IJsbaanpad', 'Olympisch stadion', 'Olympiaweg', 'Olympiaplein', 'Minervaplein', 'Beethovenstraat', 'Gerrit v.d. Veenstraat', 'Roelof Hartplein', 'De Pijp', 'Marie Heinekenplein', 'Vijzelgracht', 'Muntplein', 'Rokin', 'Dam', 'Centraal Station']"
fcdcf02e-7e20-11e9-bbae-7831c1d08f6a,06:59:00,2018-01-01,06:35:00,tram24,"['Centraal Station', 'Dam', 'Rokin', 'Muntplein', 'Vijzelgracht', 'Marie Heinekenplein', 'De Pijp', 'Roelof Hartplein', 'Gerrit v.d. Veenstraat', 'Beethovenstraat', 'Minervaplein', 'Olympiaplein', 'Olympiaweg', 'Olympisch stadion', 'IJsbaanpad', 'Amstelveenseweg', 'VU medisch centrum', 'De Boelelaan/VU']"
fcdd02a8-7e20-11e9-a044-7831c1d08f6a,06:53:00,2018-01-01,06:35:00,metro52,"['Station Zuid', 'Europaplein', 'De Pijp', 'Vijzelgracht', 'Rokin', 'Centraal Station', 'Noorderpark', 'Noord']"
fcdd152c-7e20-11e9-9161-7831c1d08f6a,06:59:30,2018-01-01,06:35:00,tram12,"['Centraal Station', 'Nieuwezijds Kolk', 'Dam', 'Spui', 'Koningsplein', 'Keizersgracht', 'Prinsengracht', 'Leidseplein', 'Rijksmuseum', 'Van Baerlestraat', 'Museumplein', 'Roelof Hartplein', 'De Pijp', 'Cornelis Troostplein', 'Scheldestraat', 'Maasstraat', 'Waalstraat', 'Victorieplein', 'Amsteldijk', 'Amstelstation']"
fd89092c-7e20-11e9-9d6e-7831c1d08f6a,06:58:00,2018-01-01,06:36:00,metro51,"['Isolatorweg', 'Station Sloterdijk', 'Burg.de Vlugtlaan', 'Jan v.Galenstraat', 'Postjesweg', 'Station Lelylaan', 'Heemstedestraat', 'Henk Sneevlietweg', 'Amstelveenseweg', 'Station Zuid', 'Station RAI', 'Overamstel', 'Spaklerweg', 'Amstelstation', 'Wibautstraat', 'Weesperplein', 'Waterlooplein', 'Nieuwmarkt', 'Centraal Station']"
fd891798-7e20-11e9-b486-7831c1d08f6a,06:54:00,2018-01-01,06:36:00,metro52,"['Noord', 'Noorderpark', 'Centraal Station', 'Rokin', 'Vijzelgracht', 'De Pijp', 'Europaplein', 'Station Zuid']"
fe452aba-7e20-11e9-b577-7831c1d08f6a,06:59:00,2018-01-01,06:37:00,metro54,"['Gein', 'Reigersbos', 'Station Holendrecht', 'Bullewijk', 'Station Bijlmer ArenA', 'Strandvliet', 'Station Duivendrecht', 'Van der Madeweg', 'Spaklerweg', 'Amstelstation', 'Wibautstraat', 'Weesperplein', 'Waterlooplein', 'Nieuwmarkt', 'Centraal Station']"
fe4546fa-7e20-11e9-9460-7831c1d08f6a,06:59:00,2018-01-01,06:37:00,metro54,"['Centraal Station', 'Nieuwmarkt', 'Waterlooplein', 'Weesperplein', 'Wibautstraat', 'Amstelstation', 'Spaklerweg', 'Van der Madeweg', 'Station Duivendrecht', 'Strandvliet', 'Station Bijlmer ArenA', 'Bullewijk', 'Station Holendrecht', 'Reigersbos', 'Gein']"
ffca6c76-7e20-11e9-b4f5-7831c1d08f6a,06:58:00,2018-01-01,06:39:00,tram12,"['Amstelstation', 'Amsteldijk', 'Victorieplein', 'Waalstraat', 'Maasstraat', 'Scheldestraat', 'Cornelis Troostplein', 'De Pijp', 'Roelof Hartplein', 'Museumplein', 'Van Baerlestraat', 'Rijksmuseum', 'Leidseplein', 'Prinsengracht', 'Keizersgracht', 'Koningsplein', 'Spui', 'Dam', 'Nieuwezijds Kolk', 'Centraal Station']"
008404b0-7e21-11e9-9166-7831c1d08f6a,06:59:00,2018-01-01,06:40:00,metro50,"['Gein', 'Reigersbos', 'Station Holendrecht', 'Bullewijk', 'Station Bijlmer ArenA', 'Strandvliet', 'Station Duivendrecht', 'Van der Madeweg', 'Overamstel', 'Station RAI', 'Station Zuid', 'Amstelveenseweg', 'Henk Sneevlietweg', 'Heemstedestraat', 'Station Lelylaan', 'Postjesweg', 'Jan v.Galenstraat', 'Burg.de Vlugtlaan', 'Station Sloterdijk', 'Isolatorweg']"
008412d4-7e21-11e9-8d09-7831c1d08f6a,06:58:30,2018-01-01,06:40:00,metro51,"['Centraal Station', 'Nieuwmarkt', 'Waterlooplein', 'Weesperplein', 'Wibautstraat', 'Amstelstation', 'Spaklerweg', 'Overamstel', 'Station RAI', 'Station Zuid', 'Amstelveenseweg', 'Henk Sneevlietweg', 'Heemstedestraat', 'Station Lelylaan', 'Postjesweg', 'Jan v.Galenstraat', 'Burg.de Vlugtlaan', 'Station Sloterdijk', 'Isolatorweg']"
0139ad38-7e21-11e9-aecc-7831c1d08f6a,06:58:00,2018-01-01,06:41:00,metro50,"['Isolatorweg', 'Station Sloterdijk', 'Burg.de Vlugtlaan', 'Jan v.Galenstraat', 'Postjesweg', 'Station Lelylaan', 'Heemstedestraat', 'Henk Sneevlietweg', 'Amstelveenseweg', 'Station Zuid', 'Station RAI', 'Overamstel', 'Van der Madeweg', 'Station Duivendrecht', 'Strandvliet', 'Station Bijlmer ArenA', 'Bullewijk', 'Station Holendrecht', 'Reigersbos', 'Gein']"
0139bada-7e21-11e9-afc3-7831c1d08f6a,06:59:00,2018-01-01,06:41:00,metro52,"['Station Zuid', 'Europaplein', 'De Pijp', 'Vijzelgracht', 'Rokin', 'Centraal Station', 'Noorderpark', 'Noord']"
0139d934-7e21-11e9-8c18-7831c1d08f6a,06:59:30,2018-01-01,06:41:00,tram12,"['Centraal Station', 'Nieuwezijds Kolk', 'Dam', 'Spui', 'Koningsplein', 'Keizersgracht', 'Prinsengracht', 'Leidseplein', 'Rijksmuseum', 'Van Baerlestraat', 'Museumplein', 'Roelof Hartplein', 'De Pijp', 'Cornelis Troostplein', 'Scheldestraat', 'Maasstraat', 'Waalstraat', 'Victorieplein', 'Amsteldijk', 'Amstelstation']"
01e48302-7e21-11e9-b51d-7831c1d08f6a,06:57:00,2018-01-01,06:42:00,metro52,"['Noord', 'Noorderpark', 'Centraal Station', 'Rokin', 'Vijzelgracht', 'De Pijp', 'Europaplein', 'Station Zuid']"
02c2f346-7e21-11e9-b059-7831c1d08f6a,06:59:30,2018-01-01,06:43:00,metro53,"['Gaasperplas', 'Kraaienneststation', 'Station Ganzenhoef', 'Verrijn Stuartweg', 'Station Diemen-Zuid', 'Venserpolder', 'Van der Madeweg', 'Spaklerweg', 'Amstelstation', 'Wibautstraat', 'Weesperplein', 'Waterlooplein', 'Nieuwmarkt', 'Centraal Station']"
02c3047e-7e21-11e9-967f-7831c1d08f6a,06:57:30,2018-01-01,06:43:00,metro53,"['Centraal Station', 'Nieuwmarkt', 'Waterlooplein', 'Weesperplein', 'Wibautstraat', 'Amstelstation', 'Spaklerweg', 'Van der Madeweg', 'Venserpolder', 'Station Diemen-Zuid', 'Verrijn Stuartweg', 'Station Ganzenhoef', 'Kraaienneststation', 'Gaasperplas']"
036a3c1c-7e21-11e9-911b-7831c1d08f6a,06:59:30,2018-01-01,06:44:00,tram24,"['De Boelelaan/VU', 'VU medisch centrum', 'Amstelveenseweg', 'IJsbaanpad', 'Olympisch stadion', 'Olympiaweg', 'Olympiaplein', 'Minervaplein', 'Beethovenstraat', 'Gerrit v.d. Veenstraat', 'Roelof Hartplein', 'De Pijp', 'Marie Heinekenplein', 'Vijzelgracht', 'Muntplein', 'Rokin', 'Dam', 'Centraal Station']"
04253d50-7e21-11e9-99d1-7831c1d08f6a,06:59:30,2018-01-01,06:45:00,tram24,"['Centraal Station', 'Dam', 'Rokin', 'Muntplein', 'Vijzelgracht', 'Marie Heinekenplein', 'De Pijp', 'Roelof Hartplein', 'Gerrit v.d. Veenstraat', 'Beethovenstraat', 'Minervaplein', 'Olympiaplein', 'Olympiaweg', 'Olympisch stadion', 'IJsbaanpad', 'Amstelveenseweg', 'VU medisch centrum', 'De Boelelaan/VU']"
04254f28-7e21-11e9-ad98-7831c1d08f6a,06:57:30,2018-01-01,06:45:00,tram12,"['Amstelstation', 'Amsteldijk', 'Victorieplein', 'Waalstraat', 'Maasstraat', 'Scheldestraat', 'Cornelis Troostplein', 'De Pijp', 'Roelof Hartplein', 'Museumplein', 'Van Baerlestraat', 'Rijksmuseum', 'Leidseplein', 'Prinsengracht', 'Keizersgracht', 'Koningsplein', 'Spui', 'Dam', 'Nieuwezijds Kolk', 'Centraal Station']"
04f0b53e-7e21-11e9-9929-7831c1d08f6a,06:58:00,2018-01-01,06:46:00,metro51,"['Isolatorweg', 'Station Sloterdijk', 'Burg.de Vlugtlaan', 'Jan v.Galenstraat', 'Postjesweg', 'Station Lelylaan', 'Heemstedestraat', 'Henk Sneevlietweg', 'Amstelveenseweg', 'Station Zuid', 'Station RAI', 'Overamstel', 'Spaklerweg', 'Amstelstation', 'Wibautstraat', 'Weesperplein', 'Waterlooplein', 'Nieuwmarkt', 'Centraal Station']"
05b4fe94-7e21-11e9-bbcd-7831c1d08f6a,06:59:00,2018-01-01,06:47:00,metro54,"['Gein', 'Reigersbos', 'Station Holendrecht', 'Bullewijk', 'Station Bijlmer ArenA', 'Strandvliet', 'Station Duivendrecht', 'Van der Madeweg', 'Spaklerweg', 'Amstelstation', 'Wibautstraat', 'Weesperplein', 'Waterlooplein', 'Nieuwmarkt', 'Centraal Station']"
05b51848-7e21-11e9-a4cf-7831c1d08f6a,06:59:00,2018-01-01,06:47:00,metro54,"['Centraal Station', 'Nieuwmarkt', 'Waterlooplein', 'Weesperplein', 'Wibautstraat', 'Amstelstation', 'Spaklerweg', 'Van der Madeweg', 'Station Duivendrecht', 'Strandvliet', 'Station Bijlmer ArenA', 'Bullewijk', 'Station Holendrecht', 'Reigersbos', 'Gein']"
05b5515a-7e21-11e9-b598-7831c1d08f6a,06:58:00,2018-01-01,06:47:00,metro52,"['Station Zuid', 'Europaplein', 'De Pijp', 'Vijzelgracht', 'Rokin', 'Centraal Station', 'Noorderpark', 'Noord']"
05b57248-7e21-11e9-8432-7831c1d08f6a,06:59:00,2018-01-01,06:47:00,tram12,"['Centraal Station', 'Nieuwezijds Kolk', 'Dam', 'Spui', 'Koningsplein', 'Keizersgracht', 'Prinsengracht', 'Leidseplein', 'Rijksmuseum', 'Van Baerlestraat', 'Museumplein', 'Roelof Hartplein', 'De Pijp', 'Cornelis Troostplein', 'Scheldestraat', 'Maasstraat', 'Waalstraat', 'Victorieplein', 'Amsteldijk', 'Amstelstation']"
06770a98-7e21-11e9-8b82-7831c1d08f6a,06:58:00,2018-01-01,06:48:00,metro52,"['Noord', 'Noorderpark', 'Centraal Station', 'Rokin', 'Vijzelgracht', 'De Pijp', 'Europaplein', 'Station Zuid']"
080efbf4-7e21-11e9-8fa2-7831c1d08f6a,06:58:00,2018-01-01,06:50:00,metro50,"['Gein', 'Reigersbos', 'Station Holendrecht', 'Bullewijk', 'Station Bijlmer ArenA', 'Strandvliet', 'Station Duivendrecht', 'Van der Madeweg', 'Overamstel', 'Station RAI', 'Station Zuid', 'Amstelveenseweg', 'Henk Sneevlietweg', 'Heemstedestraat', 'Station Lelylaan', 'Postjesweg', 'Jan v.Galenstraat', 'Burg.de Vlugtlaan', 'Station Sloterdijk', 'Isolatorweg']"
080f0a86-7e21-11e9-bbdc-7831c1d08f6a,06:58:00,2018-01-01,06:50:00,metro51,"['Centraal Station', 'Nieuwmarkt', 'Waterlooplein', 'Weesperplein', 'Wibautstraat', 'Amstelstation', 'Spaklerweg', 'Overamstel', 'Station RAI', 'Station Zuid', 'Amstelveenseweg', 'Henk Sneevlietweg', 'Heemstedestraat', 'Station Lelylaan', 'Postjesweg', 'Jan v.Galenstraat', 'Burg.de Vlugtlaan', 'Station Sloterdijk', 'Isolatorweg']"
08c3ce94-7e21-11e9-8c5e-7831c1d08f6a,06:59:30,2018-01-01,06:51:00,metro50,"['Isolatorweg', 'Station Sloterdijk', 'Burg.de Vlugtlaan', 'Jan v.Galenstraat', 'Postjesweg', 'Station Lelylaan', 'Heemstedestraat', 'Henk Sneevlietweg', 'Amstelveenseweg', 'Station Zuid', 'Station RAI', 'Overamstel', 'Van der Madeweg', 'Station Duivendrecht', 'Strandvliet', 'Station Bijlmer ArenA', 'Bullewijk', 'Station Holendrecht', 'Reigersbos', 'Gein']"
08c3dca4-7e21-11e9-a9f4-7831c1d08f6a,06:59:00,2018-01-01,06:51:00,tram12,"['Amstelstation', 'Amsteldijk', 'Victorieplein', 'Waalstraat', 'Maasstraat', 'Scheldestraat', 'Cornelis Troostplein', 'De Pijp', 'Roelof Hartplein', 'Museumplein', 'Van Baerlestraat', 'Rijksmuseum', 'Leidseplein', 'Prinsengracht', 'Keizersgracht', 'Koningsplein', 'Spui', 'Dam', 'Nieuwezijds Kolk', 'Centraal Station']"
0a5e9e28-7e21-11e9-ad1d-7831c1d08f6a,06:59:30,2018-01-01,06:53:00,metro53,"['Gaasperplas', 'Kraaienneststation', 'Station Ganzenhoef', 'Verrijn Stuartweg', 'Station Diemen-Zuid', 'Venserpolder', 'Van der Madeweg', 'Spaklerweg', 'Amstelstation', 'Wibautstraat', 'Weesperplein', 'Waterlooplein', 'Nieuwmarkt', 'Centraal Station']"
0a5f832e-7e21-11e9-9e64-7831c1d08f6a,06:58:30,2018-01-01,06:53:00,metro53,"['Centraal Station', 'Nieuwmarkt', 'Waterlooplein', 'Weesperplein', 'Wibautstraat', 'Amstelstation', 'Spaklerweg', 'Van der Madeweg', 'Venserpolder', 'Station Diemen-Zuid', 'Verrijn Stuartweg', 'Station Ganzenhoef', 'Kraaienneststation', 'Gaasperplas']"
0a5fd89c-7e21-11e9-ad9f-7831c1d08f6a,06:59:00,2018-01-01,06:53:00,metro52,"['Station Zuid', 'Europaplein', 'De Pijp', 'Vijzelgracht', 'Rokin', 'Centraal Station', 'Noorderpark', 'Noord']"
0a603af8-7e21-11e9-a4ac-7831c1d08f6a,06:58:00,2018-01-01,06:53:00,tram12,"['Centraal Station', 'Nieuwezijds Kolk', 'Dam', 'Spui', 'Koningsplein', 'Keizersgracht', 'Prinsengracht', 'Leidseplein', 'Rijksmuseum', 'Van Baerlestraat', 'Museumplein', 'Roelof Hartplein', 'De Pijp', 'Cornelis Troostplein', 'Scheldestraat', 'Maasstraat', 'Waalstraat', 'Victorieplein', 'Amsteldijk', 'Amstelstation']"
0ba1c9fe-7e21-11e9-a64e-7831c1d08f6a,06:59:00,2018-01-01,06:54:00,tram24,"['De Boelelaan/VU', 'VU medisch centrum', 'Amstelveenseweg', 'IJsbaanpad', 'Olympisch stadion', 'Olympiaweg', 'Olympiaplein', 'Minervaplein', 'Beethovenstraat', 'Gerrit v.d. Veenstraat', 'Roelof Hartplein', 'De Pijp', 'Marie Heinekenplein', 'Vijzelgracht', 'Muntplein', 'Rokin', 'Dam', 'Centraal Station']"
0ba1e206-7e21-11e9-b3e4-7831c1d08f6a,06:59:00,2018-01-01,06:54:00,metro52,"['Noord', 'Noorderpark', 'Centraal Station', 'Rokin', 'Vijzelgracht', 'De Pijp', 'Europaplein', 'Station Zuid']"
0c9649c0-7e21-11e9-a0c3-7831c1d08f6a,06:58:30,2018-01-01,06:55:00,tram24,"['Centraal Station', 'Dam', 'Rokin', 'Muntplein', 'Vijzelgracht', 'Marie Heinekenplein', 'De Pijp', 'Roelof Hartplein', 'Gerrit v.d. Veenstraat', 'Beethovenstraat', 'Minervaplein', 'Olympiaplein', 'Olympiaweg', 'Olympisch stadion', 'IJsbaanpad', 'Amstelveenseweg', 'VU medisch centrum', 'De Boelelaan/VU']"
0d63fd8c-7e21-11e9-b63b-7831c1d08f6a,06:58:30,2018-01-01,06:56:00,metro51,"['Isolatorweg', 'Station Sloterdijk', 'Burg.de Vlugtlaan', 'Jan v.Galenstraat', 'Postjesweg', 'Station Lelylaan', 'Heemstedestraat', 'Henk Sneevlietweg', 'Amstelveenseweg', 'Station Zuid', 'Station RAI', 'Overamstel', 'Spaklerweg', 'Amstelstation', 'Wibautstraat', 'Weesperplein', 'Waterlooplein', 'Nieuwmarkt', 'Centraal Station']"
0e3abcca-7e21-11e9-a0fc-7831c1d08f6a,06:59:30,2018-01-01,06:57:00,metro54,"['Gein', 'Reigersbos', 'Station Holendrecht', 'Bullewijk', 'Station Bijlmer ArenA', 'Strandvliet', 'Station Duivendrecht', 'Van der Madeweg', 'Spaklerweg', 'Amstelstation', 'Wibautstraat', 'Weesperplein', 'Waterlooplein', 'Nieuwmarkt', 'Centraal Station']"
0e3ad79e-7e21-11e9-a0f1-7831c1d08f6a,06:59:30,2018-01-01,06:57:00,metro54,"['Centraal Station', 'Nieuwmarkt', 'Waterlooplein', 'Weesperplein', 'Wibautstraat', 'Amstelstation', 'Spaklerweg', 'Van der Madeweg', 'Station Duivendrecht', 'Strandvliet', 'Station Bijlmer ArenA', 'Bullewijk', 'Station Holendrecht', 'Reigersbos', 'Gein']"
0e3b0662-7e21-11e9-8ac0-7831c1d08f6a,06:59:30,2018-01-01,06:57:00,tram12,"['Amstelstation', 'Amsteldijk', 'Victorieplein', 'Waalstraat', 'Maasstraat', 'Scheldestraat', 'Cornelis Troostplein', 'De Pijp', 'Roelof Hartplein', 'Museumplein', 'Van Baerlestraat', 'Rijksmuseum', 'Leidseplein', 'Prinsengracht', 'Keizersgracht', 'Koningsplein', 'Spui', 'Dam', 'Nieuwezijds Kolk', 'Centraal Station']"
10d0039e-7e21-11e9-90f3-7831c1d08f6a,06:59:00,2018-01-01,06:59:00,metro52,"['Station Zuid', 'Europaplein', 'De Pijp', 'Vijzelgracht', 'Rokin', 'Centraal Station', 'Noorderpark', 'Noord']"
10d0291e-7e21-11e9-827a-7831c1d08f6a,06:59:00,2018-01-01,06:59:00,tram12,"['Centraal Station', 'Nieuwezijds Kolk', 'Dam', 'Spui', 'Koningsplein', 'Keizersgracht', 'Prinsengracht', 'Leidseplein', 'Rijksmuseum', 'Van Baerlestraat', 'Museumplein', 'Roelof Hartplein', 'De Pijp', 'Cornelis Troostplein', 'Scheldestraat', 'Maasstraat', 'Waalstraat', 'Victorieplein', 'Amsteldijk', 'Amstelstation']"
